[{"model": "db_app.unit", "pk": 1, "fields": {"square_meters": 178.0, "title_deed": "ST", "registation_date": "2002-11-11", "purchase_price": 0.0}}, {"model": "db_app.unit", "pk": 2, "fields": {"square_meters": 178.0, "title_deed": "ST", "registation_date": "2017-10-11", "purchase_price": 0.0}}, {"model": "db_app.unit", "pk": 3, "fields": {"square_meters": 167.0, "title_deed": "ST5588/2014", "registation_date": "2014-05-30", "purchase_price": 100000.0}}, {"model": "db_app.unit", "pk": 4, "fields": {"square_meters": 202.0, "title_deed": "ST29695/2007", "registation_date": "2007-11-23", "purchase_price": 54863.0}}, {"model": "db_app.unit", "pk": 5, "fields": {"square_meters": 201.0, "title_deed": "ST26217/2007", "registation_date": "2007-10-12", "purchase_price": 54863.0}}, {"model": "db_app.unit", "pk": 6, "fields": {"square_meters": 202.0, "title_deed": "ST18484/2004", "registation_date": "2004-07-05", "purchase_price": 50000.0}}, {"model": "db_app.unit", "pk": 7, "fields": {"square_meters": 202.0, "title_deed": "ST", "registation_date": "2018-01-22", "purchase_price": 0.0}}, {"model": "db_app.unit", "pk": 8, "fields": {"square_meters": 170.0, "title_deed": "ST11508/2007", "registation_date": "2007-05-18", "purchase_price": 54863.0}}, {"model": "db_app.unit", "pk": 9, "fields": {"square_meters": 171.0, "title_deed": "ST3214/2007", "registation_date": "2007-02-06", "purchase_price": 0.0}}, {"model": "db_app.unit", "pk": 10, "fields": {"square_meters": 174.0, "title_deed": "ST3114/2007", "registation_date": "2007-02-05", "purchase_price": 54863.0}}, {"model": "db_app.unit", "pk": 11, "fields": {"square_meters": 171.0, "title_deed": "ST3072/2014", "registation_date": "2014-04-01", "purchase_price": 230000.0}}, {"model": "db_app.unit", "pk": 12, "fields": {"square_meters": 174.0, "title_deed": "ST5190/2008", "registation_date": "2008-03-12", "purchase_price": 175000.0}}, {"model": "db_app.unit", "pk": 13, "fields": {"square_meters": 170.0, "title_deed": "ST9120/2014", "registation_date": "2014-08-22", "purchase_price": 180000.0}}, {"model": "db_app.unit", "pk": 14, "fields": {"square_meters": 169.0, "title_deed": "ST7713/2012", "registation_date": "2012-06-18", "purchase_price": 226014.0}}, {"model": "db_app.unit", "pk": 15, "fields": {"square_meters": 173.0, "title_deed": "ST", "registation_date": "2018-06-15", "purchase_price": 0.0}}, {"model": "db_app.unit", "pk": 16, "fields": {"square_meters": 172.0, "title_deed": "ST7713/2012", "registation_date": "2012-06-18", "purchase_price": 226014.0}}, {"model": "db_app.unit", "pk": 17, "fields": {"square_meters": 174.0, "title_deed": "ST4207/2016", "registation_date": "2016-04-08", "purchase_price": 325000.0}}, {"model": "db_app.unit", "pk": 18, "fields": {"square_meters": 174.0, "title_deed": "ST3080/2010", "registation_date": "2010-03-12", "purchase_price": 54863.0}}, {"model": "db_app.unit", "pk": 19, "fields": {"square_meters": 179.0, "title_deed": "ST8867/2011", "registation_date": "2011-06-15", "purchase_price": 54863.0}}, {"model": "db_app.unit", "pk": 20, "fields": {"square_meters": 179.0, "title_deed": "ST148/2014", "registation_date": "2014-01-10", "purchase_price": 67075.0}}, {"model": "db_app.unit", "pk": 21, "fields": {"square_meters": 184.0, "title_deed": "ST10684/2010", "registation_date": "2010-08-17", "purchase_price": 215000.0}}, {"model": "db_app.unit", "pk": 22, "fields": {"square_meters": 178.0, "title_deed": "ST6862/2014", "registation_date": "2014-07-02", "purchase_price": 180000.0}}, {"model": "db_app.unit", "pk": 23, "fields": {"square_meters": 172.0, "title_deed": "ST3384/2010", "registation_date": "2010-03-19", "purchase_price": 190000.0}}, {"model": "db_app.unit", "pk": 24, "fields": {"square_meters": 172.0, "title_deed": "ST10768/2015", "registation_date": "2015-09-22", "purchase_price": 340000.0}}, {"model": "db_app.unit", "pk": 25, "fields": {"square_meters": 186.0, "title_deed": "ST27544/2006", "registation_date": "2006-11-10", "purchase_price": 54863.0}}, {"model": "db_app.owner", "pk": 2, "fields": {"first_name": "WG Erasmus", "cell_number": "073-3116552", "email": "nan", "id_number_one": "630413 5061 083", "id_number_two": "nan", "unit": 1}}, {"model": "db_app.owner", "pk": 3, "fields": {"first_name": "Makosonke & Nomzamo Beauty Mlenzana", "cell_number": "083-9957007", "email": "phillip.mlenzana@harmony.co.za", "id_number_one": "651010 6888 086", "id_number_two": "600117 0692 083", "unit": 2}}, {"model": "db_app.owner", "pk": 4, "fields": {"first_name": "Thato Caroline Mqwathi", "cell_number": "072-5723289", "email": "sammqwathi@gmail.com", "id_number_one": "nan", "id_number_two": "nan", "unit": 3}}, {"model": "db_app.owner", "pk": 5, "fields": {"first_name": "Tshediso Cambridge Mofubedu", "cell_number": "074-5304223", "email": "fanaledi@gmail.com", "id_number_one": "nan", "id_number_two": "nan", "unit": 4}}, {"model": "db_app.owner", "pk": 6, "fields": {"first_name": "Valentine Rowland Mollentze", "cell_number": "084-2057671", "email": "nan", "id_number_one": "nan", "id_number_two": "nan", "unit": 5}}, {"model": "db_app.owner", "pk": 7, "fields": {"first_name": "Isaac Modupe Sekoboto", "cell_number": "nan", "email": "nan", "id_number_one": "721101 5476 084", "id_number_two": "nan", "unit": 6}}, {"model": "db_app.owner", "pk": 8, "fields": {"first_name": "Khauhelo Edward Makutoane", "cell_number": "nan", "email": "nan", "id_number_one": "580206 5215 182", "id_number_two": "nan", "unit": 7}}, {"model": "db_app.owner", "pk": 9, "fields": {"first_name": "Moramang Solomon Mokoena", "cell_number": "082-4914038", "email": "nan", "id_number_one": "nan", "id_number_two": "nan", "unit": 8}}, {"model": "db_app.owner", "pk": 10, "fields": {"first_name": "Charmaine Greyling", "cell_number": "076-2336715", "email": "shereenseray@yahoo.com", "id_number_one": "nan", "id_number_two": "nan", "unit": 9}}, {"model": "db_app.owner", "pk": 11, "fields": {"first_name": "Madithakong Christina Modipa", "cell_number": "078-9219258", "email": "nan", "id_number_one": "840928 0800 082", "id_number_two": "nan", "unit": 10}}, {"model": "db_app.owner", "pk": 12, "fields": {"first_name": "Thabong Simon Patrick Mokhasi & MM Litabe", "cell_number": "071-4016150", "email": "simon.mokhasi@webmail.co.za", "id_number_one": "810427 5852 087", "id_number_two": "nan", "unit": 11}}, {"model": "db_app.owner", "pk": 13, "fields": {"first_name": "Motlalepule Lydia Mokgadinyane", "cell_number": "063-5159948", "email": "fs.thabong.finance@saps.org.za", "id_number_one": "nan", "id_number_two": "nan", "unit": 12}}, {"model": "db_app.owner", "pk": 14, "fields": {"first_name": "Ndishavhelafhi Alpheus & M Annah Nemukula", "cell_number": "076-4274750", "email": "annah.nemukula@gmail.com", "id_number_one": "nan", "id_number_two": "nan", "unit": 13}}, {"model": "db_app.owner", "pk": 15, "fields": {"first_name": "Eddie Modise Properties & Development (Pty) Ltd", "cell_number": "079-4929740", "email": "maria@pciprops.co.za", "id_number_one": "nan", "id_number_two": "nan", "unit": 14}}, {"model": "db_app.owner", "pk": 16, "fields": {"first_name": "Bongani Ernest & Sannah Magaxaza", "cell_number": "074-3342399", "email": "nan", "id_number_one": "600212 5678 087", "id_number_two": "630106 0850 084", "unit": 15}}, {"model": "db_app.owner", "pk": 17, "fields": {"first_name": "Eddie Modise Properties & Development (Pty) Ltd", "cell_number": "079-4929740", "email": "maria@pciprops.co.za", "id_number_one": "nan", "id_number_two": "nan", "unit": 16}}, {"model": "db_app.owner", "pk": 18, "fields": {"first_name": "Tsietsi E & Manthabiseng Lipala Mannoi Masiu", "cell_number": "079-0897331", "email": "manthabiseng01@gmail.com", "id_number_one": "RA908969", "id_number_two": "RC057197", "unit": 17}}, {"model": "db_app.owner", "pk": 19, "fields": {"first_name": "Francis Mphafane Rantlhomela", "cell_number": "nan", "email": "nan", "id_number_one": "nan", "id_number_two": "nan", "unit": 18}}, {"model": "db_app.owner", "pk": 20, "fields": {"first_name": "Malinne Paulina Moetsane", "cell_number": "072-2034365", "email": "nan", "id_number_one": "nan", "id_number_two": "nan", "unit": 19}}, {"model": "db_app.owner", "pk": 21, "fields": {"first_name": "Zolile & Nikelwa Stone", "cell_number": "078-0046290", "email": "nan", "id_number_one": "690825 5912 089", "id_number_two": "nan", "unit": 20}}, {"model": "db_app.owner", "pk": 22, "fields": {"first_name": "Tshepiso Christopher Mmekoa", "cell_number": "072-6382415", "email": "mmekoatc@gmail.com", "id_number_one": "nan", "id_number_two": "nan", "unit": 21}}, {"model": "db_app.owner", "pk": 23, "fields": {"first_name": "Thabo Joseph & LA Molefe", "cell_number": "076-2558987", "email": "thabo.molefe@harmony.co.za", "id_number_one": "nan", "id_number_two": "nan", "unit": 22}}, {"model": "db_app.owner", "pk": 24, "fields": {"first_name": "Pumza Siyanda Ntoto", "cell_number": "073-8037107", "email": "pumza.ntoto@mediclinic.co,za", "id_number_one": "801207 0578 080", "id_number_two": "nan", "unit": 23}}, {"model": "db_app.owner", "pk": 25, "fields": {"first_name": "Tshidiso Jeremia Mbali", "cell_number": "081-0186106", "email": "nan", "id_number_one": "740708 5666 089", "id_number_two": "nan", "unit": 25}}, {"model": "db_app.owner", "pk": 26, "fields": {"first_name": "Lucky Vusi Sibande", "cell_number": "079-1347542", "email": "vus.sibande@gmail.com", "id_number_one": "870125 5421 088", "id_number_two": "nan", "unit": 24}}, {"model": "db_app.financialyear", "pk": 1, "fields": {"start": "2018-03-01", "end": "2019-03-01"}}, {"model": "db_app.financialyear", "pk": 2, "fields": {"start": "2017-03-01", "end": "2018-03-01"}}]